{
  "Name": "scalar:nonparametric distribution",
  "Parameters": {
    "X": [
      0,
      1,
      2,
      3,
      4,
      5,
      6,
      7,
      8,
      9,
      10,
      11,
      12,
      13,
      14,
      15,
      16,
      17,
      18,
      19,
      20,
      21,
      22,
      23,
      24,
      25,
      26,
      27,
      28,
      29,
      30,
      31,
      32,
      33,
      34,
      35,
      36,
      37,
      38,
      39,
      40,
      41,
      42,
      43,
      44,
      45,
      46,
      47,
      48,
      49,
      50,
      51,
      52,
      53,
      54,
      55,
      56,
      57,
      58,
      59,
      60,
      61,
      62,
      63,
      64,
      66,
      67,
      68,
      69,
      70,
      71,
      72,
      74,
      75,
      76,
      77,
      79,
      80,
      81,
      83,
      84,
      85,
      86,
      88,
      91,
      93,
      94,
      97,
      99,
      102,
      104,
      105,
      106,
      107,
      108,
      109,
      110,
      111,
      113,
      115,
      116,
      117,
      120,
      126,
      133,
      134,
      137,
      140,
      144,
      146,
      147,
      148,
      149,
      151,
      152,
      161,
      162,
      167,
      170,
      172,
      174,
      181,
      182,
      185,
      191,
      194,
      196,
      198,
      200,
      201,
      203,
      208,
      214,
      217,
      219,
      221,
      224,
      226,
      227,
      229,
      230,
      232,
      233,
      234,
      237,
      240,
      242,
      246,
      247,
      253,
      258,
      260,
      261,
      264,
      267,
      274,
      275,
      280,
      305,
      315,
      341,
      344,
      351,
      378,
      382,
      384,
      399,
      400,
      404,
      411,
      422,
      423,
      425,
      441,
      444,
      449,
      460,
      462,
      464,
      480,
      484,
      489
    ],
    "Y": [
      -2.075148221310455,
      -3.433391956675786,
      -3.3040578427321403,
      -3.0705123598278785,
      -2.825397794299036,
      -2.5954300174950955,
      -2.378283100408831,
      -2.201735762321656,
      -2.116961686932415,
      -2.1799590392518073,
      -2.432805207669846,
      -2.8937215928724136,
      -3.572730247972018,
      -4.457193526922168,
      -5.5420209298093965,
      -6.824638277352657,
      -8.212112778540387,
      -9.570461209269723,
      -10.638063261195274,
      -11.143812731929403,
      -11.354377501036751,
      -11.542968670844301,
      -11.957912522907009,
      -11.875674424670038,
      -11.642059573488533,
      -12.079273379911278,
      -12.568821605229983,
      -12.145964754409949,
      -12.468738146673001,
      -12.377766368467274,
      -12.422218131038107,
      -12.680047240340208,
      -12.468738146673001,
      -12.468738146673001,
      -12.805210383294213,
      -13.028353934608424,
      -12.680047240340208,
      -13.316036007060205,
      -13.115365311598053,
      -12.740671862156642,
      -12.805210383294213,
      -13.56735043534111,
      -12.948311226934887,
      -12.622888826500258,
      -12.805210383294213,
      -12.568821605229983,
      -12.622888826500258,
      -12.805210383294213,
      -12.740671862156642,
      -12.805210383294213,
      -13.316036007060205,
      -12.948311226934887,
      -13.028353934608424,
      -13.210675491402379,
      -13.721501115168369,
      -13.316036007060205,
      -14.126966223276533,
      -13.903822671962324,
      -14.126966223276533,
      -14.820113403836478,
      -14.414648295728314,
      -15.513260584396424,
      -13.903822671962324,
      -13.56735043534111,
      -14.59696985252227,
      -15.513260584396424,
      -14.820113403836478,
      -14.414648295728314,
      -14.820113403836478,
      -14.414648295728314,
      -14.414648295728314,
      -16.206407764956367,
      -13.903822671962324,
      -15.513260584396424,
      -14.820113403836478,
      -15.513260584396424,
      -14.414648295728314,
      -14.820113403836478,
      -15.513260584396424,
      -14.414648295728314,
      -15.513260584396424,
      -15.513260584396424,
      -15.513260584396424,
      -16.611872873064534,
      -15.10779547628826,
      -15.513260584396424,
      -15.918725692504587,
      -16.206407764956367,
      -15.513260584396424,
      -16.206407764956367,
      -15.513260584396424,
      -14.820113403836478,
      -14.820113403836478,
      -15.513260584396424,
      -15.513260584396424,
      -14.820113403836478,
      -15.513260584396424,
      -16.206407764956367,
      -15.513260584396424,
      -14.820113403836478,
      -15.513260584396424,
      -15.513260584396424,
      -16.611872873064534,
      -17.459170733451735,
      -14.820113403836478,
      -16.611872873064534,
      -15.918725692504587,
      -16.206407764956367,
      -16.206407764956367,
      -14.820113403836478,
      -15.513260584396424,
      -15.513260584396424,
      -16.206407764956367,
      -14.820113403836478,
      -17.71048516173264,
      -15.513260584396424,
      -17.122698496830523,
      -16.611872873064534,
      -15.513260584396424,
      -15.513260584396424,
      -16.76602355289179,
      -15.513260584396424,
      -16.611872873064534,
      -17.305020053624478,
      -16.611872873064534,
      -16.206407764956367,
      -16.206407764956367,
      -16.206407764956367,
      -15.513260584396424,
      -15.513260584396424,
      -16.42955131627058,
      -17.305020053624478,
      -16.611872873064534,
      -15.513260584396424,
      -16.206407764956367,
      -15.918725692504587,
      -15.513260584396424,
      -15.513260584396424,
      -16.206407764956367,
      -14.126966223276533,
      -15.513260584396424,
      -15.513260584396424,
      -15.513260584396424,
      -15.918725692504587,
      -16.611872873064534,
      -16.206407764956367,
      -16.899554945516314,
      -15.513260584396424,
      -17.305020053624478,
      -16.024086208162416,
      -16.206407764956367,
      -15.513260584396424,
      -16.611872873064534,
      -16.611872873064534,
      -17.459170733451735,
      -15.513260584396424,
      -16.42955131627058,
      -18.732136409264623,
      -17.81584567739047,
      -18.771357122417907,
      -16.611872873064534,
      -17.459170733451735,
      -18.809097450400753,
      -16.899554945516314,
      -16.206407764956367,
      -18.221310785498634,
      -15.513260584396424,
      -16.899554945516314,
      -17.459170733451735,
      -17.21800867663485,
      -15.513260584396424,
      -16.206407764956367,
      -18.285849306636205,
      -16.611872873064534,
      -17.122698496830523,
      -17.911155857194792,
      -16.206407764956367,
      -16.206407764956367,
      -18.285849306636205,
      -16.899554945516314,
      -17.122698496830523,
      -17.122698496830523
    ]
  },
  "Distributions": null
}